{
    "dashboard": {
        "keyword": [
            "Dashboard",
            "Home",
            "Panel",
            "Admin",
            "Control center",
            "Overview",
            "Main hub",
            "Management hub",
            "Administrative hub",
            "Central hub",
            "Command center",
            "Administrator portal",
            "Centralized interface",
            "Admin console",
            "Management dashboard",
            "Main screen",
            "Administrative dashboard",
            "Command dashboard",
            "Main control panel"
        ],
        "title": "Dashboard",
        "icon": "las la-home",
        "route_name": "admin.dashboard",
        "menu_active": "admin.dashboard"
    },
    "deposits": {
        "title": "Deposits",
        "icon": "las la-file-invoice-dollar",
        "counters": ["pendingDepositsCount"],
        "menu_active": "admin.deposit*",
        "submenu": [ 
          

        
            {
                "keyword": ["All Deposits", "Deposits", "Deposit management", "Deposit control", "Deposit activity"],
                "title": "All Deposits",
                "route_name": "admin.deposit.list",
                "menu_active": "admin.deposit.list",
                "params":{
                    "user_id":""
                }
            }
        ]
    },
    "withdrawals": {
        "title": "Withdrawals",
        "icon": "la la-bank",
        "counters": ["pendingWithdrawCount"],
        "menu_active": "admin.withdraw.data*",
        "submenu": [{
                "keyword": ["Pending Withdrawals", "Withdrawals", "Withdrawal management", "Withdrawal control", "Withdrawal status", "Withdrawal activity"],
                "title": "Pending Withdrawals",
                "route_name": "admin.withdraw.data.pending",
                "menu_active": "admin.withdraw.data.pending",
                "counter": "pendingWithdrawCount",
                "params":{
                    "user_id":""
                }
            },
            {
                "keyword": ["Approved Withdrawals", "Withdrawals", "Withdrawal management", "Withdrawal activity"],
                "title": "Approved Withdrawals",
                "route_name": "admin.withdraw.data.approved",
                "menu_active": "admin.withdraw.data.approved",
                "params":{
                    "user_id":""
                }
            },
            {
                "keyword": ["Rejected Withdrawals", "Withdrawals", "Withdrawal management", "Withdrawal activity"],
                "title": "Rejected Withdrawals",
                "route_name": "admin.withdraw.data.rejected",
                "menu_active": "admin.withdraw.data.rejected",
                "params":{
                    "user_id":""
                }
            },
            {
                "keyword": ["All Withdrawals", "Withdrawals", "Withdrawal management", "Withdrawal control", "Withdrawal activity"],
                "title": "All Withdrawals",
                "route_name": "admin.withdraw.data.all",
                "menu_active": "admin.withdraw.data.all",
                "params":{
                    "user_id":""
                }
            }
        ]
    },
    
    "manage_plans": {
        "title": "Manage Signals",
        "icon": "las la-signal",
        "menu_active": "admin.plan*",
        "submenu": [
            {
                "title": "Add",
                "route_name": "admin.plan.list",
                "icon": "las la-dot-circle",
                "menu_active": "admin.plan.list",
                "keyword": ["plan list", "Manage Plans", "Plan overview", "Plan details"],
                "disabled": true,
                "coming_soon": true
            },
            {
                "title": "User Signals",
                "route_name": "admin.plan.history",
                "icon": "las la-dot-circle",
                "menu_active": "admin.plan.history",
                "keyword": ["plan histories", "purchase", "Plan record", "Plan management", "Plan history"],
                "disabled": true,
                "coming_soon": true
            }
           
        ]
    },

    "bot_configure": {
        "keyword": ["Staking", "bot setup", "bot management", "bot configuration", "bot settings"],
        "title": "Staking",
        "icon": "las la-cogs",
        "route_name": "admin.bot.config",
        "menu_active": "admin.bot.config"
    },

    "user_staking": {
        "keyword": ["User Staking", "User bot", "User bot setup", "User bot management", "User bot configuration", "User bot settings"],
        "title": "User Staking",
        "icon": "las la-user-cog",
        "route_name": "admin.bot.config.user_stakes",
        "menu_active": "admin.bot.config.user_stakes"
    },

    "subscriber": {
        "keyword": ["subscriber", "subscribers", "Subscription management", "Subscriber list", "Subscriber activity"],
        "title": "Subscribers",
        "icon": "las la-thumbs-up",
        "route_name": "admin.subscriber.index",
        "menu_active": "admin.subscriber.*"
    },

    "manage_order": {
        "title": "Manage Trades",
        "icon": "las la-coins",
        "menu_active":  [
            "admin.order*",
            "admin.trade.history"
        ],
        "submenu": [
            {
                "title": "Open Trades",
                "route_name": "admin.order.open",
                "icon": "las la-dot-circle",
                "menu_active": "admin.order.open",
                "keyword": ["open order", "active order", "manage order", "pending order"]
            },
            {
                "title": "Complete Trades",
                "route_name": "admin.order.history",
                "icon": "las la-dot-circle",
                "menu_active": "admin.order.history",
                "keyword": ["order history", "previous orders", "order management", "past orders"]
            }
            
        ]
    },
   
    "manage_users": {
        "title": "Manage Users",
        "icon": "las la-users",
        "counters": ["bannedUsersCount", "emailUnverifiedUsersCount", "mobileUnverifiedUsersCount", "kycUnverifiedUsersCount", "kycPendingUsersCount"],
        "menu_active": "admin.users*",
        "submenu": [{
                "keyword": ["active users", "Manage Users", "User management", "User control", "User status", "User activity", "User analytics"],
                "title": "Active Users",
                "route_name": "admin.users.active",
                "menu_active": "admin.users.active"
            },
            {
                "keyword": ["banned users", "Manage Users", "User management", "Account bans", "User activity"],
                "title": "Banned Users",
                "route_name": "admin.users.banned",
                "menu_active": "admin.users.banned",
                "counter": "bannedUsersCount"
            },
            {
                "keyword": ["email unverified users", "Manage Users", "User verification", "User authentication", "User management"],
                "title": "Email Unverified",
                "route_name": "admin.users.email.unverified",
                "menu_active": "admin.users.email.unverified",
                "counter": "emailUnverifiedUsersCount"
            },
            {
                "keyword": ["mobile unverified users", "Manage Users", "User verification", "User authentication", "User management"],
                "title": "Mobile Unverified",
                "route_name": "admin.users.mobile.unverified",
                "menu_active": "admin.users.mobile.unverified",
                "counter": "mobileUnverifiedUsersCount"
            },
            {
                "keyword": ["kyc unverified users", "Manage Users", "User verification", "User authentication", "User management"],
                "title": "KYC Unverified",
                "route_name": "admin.users.kyc.unverified",
                "menu_active": "admin.users.kyc.unverified",
                "counter": "kycUnverifiedUsersCount"
            },
            {
                "keyword": ["kyc pending users", "Manage Users", "User verification", "User authentication", "User management"],
                "title": "KYC Pending",
                "route_name": "admin.users.kyc.pending",
                "menu_active": "admin.users.kyc.pending",
                "counter": "kycPendingUsersCount"
            },
            {
                "keyword": ["with balance users", "Manage Users", "User management", "User activity", "Account management"],
                "title": "With Balance",
                "route_name": "admin.users.with.balance",
                "menu_active": "admin.users.with.balance"
            },
            {
                "keyword": ["all users users", "Manage Users", "User management", "User control", "User activity", "User analytics"],
                "title": "All Users",
                "route_name": "admin.users.all",
                "menu_active": "admin.users.all"
            },
            {
                "keyword": ["send notification users", "Manage Users", "User notifications", "User management", "User activity"],
                "title": "Send Notification",
                "route_name": "admin.users.notification.all",
                "menu_active": "admin.users.notification.all"
            }
        ]
    },
  
   
   
    "support_ticket": {
        "title": "Copy Experts",
        "icon": "la la-ticket",
        "menu_active": "admin.ticket*",
        "submenu": [ 
         
            {
                "keyword": ["Copy Experts", "Support Ticket", "Ticket management", "Ticket control", "Copy Experts"],
                "title": "Copy Experts",
                "route_name": "admin.ticket.index",
                "menu_active": "admin.ticket.index"
            }
        ]
    },
    "reports": {
        "title": "Report",
        "icon": "la la-list",
        "menu_active": "admin.report*",
        "submenu": [{
                "keyword": ["Transaction Log", "Report", "Transaction report", "Transaction history", "Transaction activity","balance sheet","balance log","balance history"],
                "title": "Transaction History",
                "route_name": "admin.report.transaction",
                "menu_active": ["admin.report.transaction", "admin.report.transaction.search"],
                "params":{
                    "user_id":""
                }
            },
            {
                "keyword": ["Login History", "Report", "Login report", "Login history", "Login activity"],
                "title": "Login History",
                "route_name": "admin.report.login.history",
                "menu_active": ["admin.report.login.history", "admin.report.login.ipHistory"]
            },
            {
                "keyword": ["Notification History", "Report", "Notification report", "Notification history", "Notification activity","email log","email history","sms log","sms history","push notification log","push notification history"],
                "title": "Notification History",
                "route_name": "admin.report.notification.history",
                "menu_active": "admin.report.notification.history"
            }
        ]
    },
 
    "system_setting": {
        "keyword": ["System Setting", "setting", "System configuration", "System preferences", "Configuration management", "System setup"],
        "title": "System Setting",
        "icon": "las la-life-ring",
        "route_name": "admin.setting.system",
        "menu_active": [
            "admin.setting.system",
            "admin.setting.general",
            "admin.setting.socialite.credentials",
            "admin.cron*",
            "admin.setting.system.configuration",
            "admin.setting.logo.icon",
            "admin.extensions.index",
            "admin.language.manage",
            "admin.language.key",
            "admin.seo",
            "admin.kyc.setting",
            "admin.frontend.templates",
            "admin.frontend.manage.*",
            "admin.maintenance.mode",
            "admin.setting.cookie",
            "admin.setting.custom.css",
            "admin.setting.sitemap",
            "admin.setting.robot",
            "admin.setting.notification.global.email",
            "admin.setting.notification.global.sms",
            "admin.setting.notification.global.push",
            "admin.setting.notification.email",
            "admin.setting.notification.sms",
            "admin.setting.notification.push",
            "admin.setting.notification.templates",
            "admin.setting.notification.template.edit",
            "admin.frontend.index",
            "admin.frontend.sections*",
            "admin.gateway*",
            "admin.withdraw.method*",
            "admin.currency*",
            "admin.market",
            "admin.coin.pair",
            "admin.setting.pusher.configuration",
            "admin.setting.chart",
            "admin.wallet.setting"
        ]
    }
 
}
